<?xml version="1.0" encoding="UTF-8"?>
<project-private xmlns="http://www.netbeans.org/ns/project-private/1">
    <editor-bookmarks xmlns="http://www.netbeans.org/ns/editor-bookmarks/2" lastBookmarkId="0"/>
    <open-files xmlns="http://www.netbeans.org/ns/projectui-open-files/2">
        <group>
            <file>file:/C:/XAMPP/htdocs/KBS%20VOS/includes/pwd-forgot-mail.inc.php</file>
            <file>file:/C:/XAMPP/htdocs/KBS%20VOS/behandeling-overzicht.php</file>
            <file>file:/C:/XAMPP/htdocs/KBS%20VOS/includes/paginalader.inc.php</file>
        </group>
    </open-files>
</project-private>
